{
  "mean_vector": [
    -0.2683212884832344,
    6.338751031909618
  ],
  "covariance_diagonal": [
    0.04,
    1.0
  ],
  "log_tau_eta_mean": -2.397714705393498,
  "log_tau_eta_sd": 0.16666666666666666,
  "log_tau_rho_mean": -0.40209892957767435,
  "log_tau_rho_sd": 0.16666666666666666,
  "m_r": 0.5977719733606661,
  "s_r": 0.25
}
