{"trainLosses": [1.7360663159837093, 1.4149275781955808, 1.2735470919473515, 1.2326748899186912, 1.2146937490170824, 1.2036250691146078, 1.1955299517955043, 1.1888122509413976, 1.183092494423374, 1.1782266933204273, 1.1740623722251644, 1.170447128631974, 1.167267582748808, 1.1644492610878332, 1.1619358360095793, 1.1596673418732073, 1.1576083320578663, 1.1557265808872013, 1.1540008142350306, 1.152411006821113], "testLosses": [1.558417707830119, 1.3217119506770252, 1.2548128277134374, 1.2308765476029337, 1.2178341429910542, 1.2091191813030207, 1.2022135121909627, 1.1963314736511688, 1.1913212719148492, 1.1871134919962223, 1.183556707888577, 1.1805075793419149, 1.1778477827062435, 1.1754611499747958, 1.1733563360724844, 1.171501165567757, 1.1698277779980504, 1.1682676497232818, 1.1669025855428965, 1.1656461403383847], "trainAccs": [0.3247827829779858, 0.4693526282717975, 0.5363784343040389, 0.5473015795631825, 0.5510961063442538, 0.5538844470445484, 0.555862963685214, 0.5572754160166407, 0.5586296368521407, 0.5599594817126018, 0.5610252535101404, 0.56198539608251, 0.5628751191714335, 0.5636185864101231, 0.5641968387068816, 0.5648522815912637, 0.5653723023920957, 0.5659397209221703, 0.5665315154272837, 0.5669201768070723], "testAccs": [0.3967436917912064, 0.5146131145765649, 0.5409052144249513, 0.5444315843621399, 0.5471203568334416, 0.5492050438596491, 0.5509682288282435, 0.5523134611219407, 0.5535199398960364, 0.5549328568334416, 0.5558736733809834, 0.5566740442928308, 0.5574287280701754, 0.558098806042885, 0.5587113520684427, 0.559269750379034, 0.5597875379034005, 0.56022579597141, 0.5605168399393545, 0.5608264971843189]}