{
  "overall": {
    "legacy": {
      "files": 397,
      "last_log10_eps": {
        "count": 397,
        "iqr": 0.3291731346839233,
        "max": 3.3828775258321038,
        "mean": 1.6452208946776972,
        "median": 1.4766297716424317,
        "min": 1.1258707011635352,
        "p10": 1.2728955549492817,
        "p25": 1.358329273544954,
        "p75": 1.6875024082288772,
        "p90": 2.345293664837866,
        "p90_p10": 1.0723981098885842,
        "std": 0.47100942447983685
      },
      "max_log10_eps": {
        "count": 397,
        "iqr": 0.17701728339494416,
        "max": 3.5466966165727785,
        "mean": 3.1752099758396786,
        "median": 3.184843548657518,
        "min": 2.319245029489458,
        "p10": 3.0139641096981538,
        "p25": 3.096270284519244,
        "p75": 3.273287567914188,
        "p90": 3.3380798814675186,
        "p90_p10": 0.3241157717693648,
        "std": 0.15208456279399998
      },
      "pct_any_near_cap": 0.0,
      "pct_last_near_cap": 0.0
    },
    "new": {
      "files": 397,
      "last_log10_eps": {
        "count": 397,
        "iqr": 0.316954133080245,
        "max": 3.724477444800411,
        "mean": 3.2594434064788604,
        "median": 3.431479671058452,
        "min": 1.2051087252045354,
        "p10": 2.687877342162927,
        "p25": 3.1993202447707603,
        "p75": 3.5162743778510053,
        "p90": 3.5692063374345726,
        "p90_p10": 0.8813289952716454,
        "std": 0.44730907066665276
      },
      "max_log10_eps": {
        "count": 397,
        "iqr": 0.13019235218063452,
        "max": 3.726786246348912,
        "mean": 3.4662177242188275,
        "median": 3.4824117337563205,
        "min": 2.988304018604455,
        "p10": 3.301730299454508,
        "p25": 3.4139659690400515,
        "p75": 3.544158321220686,
        "p90": 3.590227251594531,
        "p90_p10": 0.28849695214002313,
        "std": 0.11788881828926626
      },
      "pct_any_near_cap": 0.0,
      "pct_last_near_cap": 0.0
    }
  },
  "per_season": {
    "legacy": {
      "20222023": {
        "files": 182,
        "last_log10_eps": {
          "count": 182,
          "iqr": 0.22638024712270588,
          "max": 3.186264784622817,
          "mean": 1.5715825442287692,
          "median": 1.4896895632413285,
          "min": 1.1986000614162022,
          "p10": 1.3463891557665457,
          "p25": 1.4074404974917805,
          "p75": 1.6338207446144863,
          "p90": 1.931756191405269,
          "p90_p10": 0.5853670356387233,
          "std": 0.28157614773939355
        },
        "max_log10_eps": {
          "count": 182,
          "iqr": 0.18219753539493455,
          "max": 3.474022027748787,
          "mean": 3.157652498094091,
          "median": 3.183244741138699,
          "min": 2.319245029489458,
          "p10": 2.967404145107576,
          "p25": 3.080188887030198,
          "p75": 3.2623864224251324,
          "p90": 3.32849519354722,
          "p90_p10": 0.3610910484396439,
          "std": 0.1761420432256345
        },
        "pct_any_near_cap": 0.0,
        "pct_last_near_cap": 0.0
      },
      "20232024": {
        "files": 215,
        "last_log10_eps": {
          "count": 215,
          "iqr": 0.5239985455962008,
          "max": 3.3828775258321038,
          "mean": 1.707556614592603,
          "median": 1.455758950520799,
          "min": 1.1258707011635352,
          "p10": 1.2414684325862773,
          "p25": 1.307527929272421,
          "p75": 1.8315264748686217,
          "p90": 2.707367535122803,
          "p90_p10": 1.4658991025365258,
          "std": 0.5779762588647599
        },
        "max_log10_eps": {
          "count": 215,
          "iqr": 0.16423610253989818,
          "max": 3.5466966165727785,
          "mean": 3.1900725849080365,
          "median": 3.1873400194240475,
          "min": 2.7036056930450503,
          "p10": 3.046931991258271,
          "p25": 3.1127780498074333,
          "p75": 3.2770141523473315,
          "p90": 3.3388395490709915,
          "p90_p10": 0.2919075578127206,
          "std": 0.1263469549920071
        },
        "pct_any_near_cap": 0.0,
        "pct_last_near_cap": 0.0
      }
    },
    "new": {
      "20222023": {
        "files": 182,
        "last_log10_eps": {
          "count": 182,
          "iqr": 0.327126541043377,
          "max": 3.724477444800411,
          "mean": 3.236343281030973,
          "median": 3.4195390568292194,
          "min": 1.2051087252045354,
          "p10": 2.6017588183554037,
          "p25": 3.1861376376190993,
          "p75": 3.5132641786624763,
          "p90": 3.5734302697282843,
          "p90_p10": 0.9716714513728806,
          "std": 0.49149466943029785
        },
        "max_log10_eps": {
          "count": 182,
          "iqr": 0.1412894899098327,
          "max": 3.726786246348912,
          "mean": 3.4593822196168755,
          "median": 3.4822049023261297,
          "min": 2.988304018604455,
          "p10": 3.3089194503408277,
          "p25": 3.403105689732715,
          "p75": 3.5443951796425477,
          "p90": 3.5899597761070665,
          "p90_p10": 0.28104032576623883,
          "std": 0.13107828738696276
        },
        "pct_any_near_cap": 0.0,
        "pct_last_near_cap": 0.0
      },
      "20232024": {
        "files": 215,
        "last_log10_eps": {
          "count": 215,
          "iqr": 0.3026891538228633,
          "max": 3.691988940591322,
          "mean": 3.2789979312766064,
          "median": 3.441129589251315,
          "min": 1.2732071116706434,
          "p10": 2.7522472071883857,
          "p25": 3.214437532398958,
          "p75": 3.5171266862218213,
          "p90": 3.5622117028225277,
          "p90_p10": 0.8099644956341421,
          "std": 0.4051378185114263
        },
        "max_log10_eps": {
          "count": 215,
          "iqr": 0.11612068889325267,
          "max": 3.693613613232637,
          "mean": 3.4720040583469918,
          "median": 3.486965857676171,
          "min": 3.0917124704151475,
          "p10": 3.295656213701296,
          "p25": 3.4251312738599538,
          "p75": 3.5412519627532064,
          "p90": 3.5902418876278817,
          "p90_p10": 0.29458567392658574,
          "std": 0.10509525140328141
        },
        "pct_any_near_cap": 0.0,
        "pct_last_near_cap": 0.0
      }
    }
  },
  "run_metadata": {
    "cap_log10": 4.0,
    "cap_tolerance": 0.05,
    "data_root": "Data/Hockey/xg_legacy_new_comparison",
    "near_cap_threshold": 3.95,
    "players_file": "Data/Hockey/forwards23-25.txt",
    "seasons": [
      20222023,
      20232024
    ],
    "shot_group": "wristshot_snapshot",
    "timestamp": "2026-05-28T20:19:22.050004Z"
  }
}